Workbook

Sheet Promo
A1: p2403918 | B1: ANDRADE | C1: VICTOR | D1: victor.andrade@etu.univ-lyon1.fr
A2: p2406410 | B2: JABOU | C2: MALIK | D2: malik.jabou@etu.univ-lyon1.fr
A3: p2403367 | B3: RAMIREZ | C3: NEO | D3: neo.ramirez@etu.univ-lyon1.fr

Sheet Gpes
A1: p2403918 | B1: =MID(SS_Gpes!B1,1,4) -> 2AG2 | C1: ANDRADE | D1: VICTOR
A2: p2406410 | B2: =MID(SS_Gpes!B2,1,4) -> 2AG2 | C2: JABOU | D2: MALIK
A3: p2403367 | B3: =MID(SS_Gpes!B3,1,4) -> 2AG2 | C3: RAMIREZ | D3: NEO

Sheet SS_Gpes
A1: p2403918 | B1: 2AG2.1 | C1: ANDRADE | D1: VICTOR | H1: =C1 -> ANDRADE | I1: =PROPER(D1) -> Victor | J1: =MID(F1,1,1)
A2: p2406410 | B2: 2AG2.1 | C2: JABOU | D2: MALIK | H2: =C2 -> JABOU | I2: =PROPER(D2) -> Malik | J2: =MID(F2,1,1)
A3: p2403367 | B3: 2AG2.1 | C3: RAMIREZ | D3: NEO | H3: =C3 -> RAMIREZ | I3: =PROPER(D3) -> Neo | J3: =MID(F3,1,1)
I4: =PROPER(D4) | J4: =MID(F4,1,1)
I5: =PROPER(D5) | J5: =MID(F5,1,1)
I6: =PROPER(D6) | J6: =MID(F6,1,1)
I7: =PROPER(D7) | J7: =MID(F7,1,1)
I8: =PROPER(D8) | J8: =MID(F8,1,1)
I9: =PROPER(D9) | J9: =MID(F9,1,1)
I10: =PROPER(D10) | J10: =MID(F10,1,1)
I11: =PROPER(D11) | J11: =MID(F11,1,1)
I12: =PROPER(D12) | J12: =MID(F12,1,1)
I13: =PROPER(D13) | J13: =MID(F13,1,1)
I14: =PROPER(D14) | J14: =MID(F14,1,1)
I15: =PROPER(D15) | J15: =MID(F15,1,1)
... I27: =PROPER(D27) | J27: =MID(F27,1,1)

Sheet GpesTP
A1: p2403918 | B1: =IF(SS_Gpes!B1="2AG1.1","2TP1",IF(SS_Gpes!B1="2AG2.2","2TP3","2TP2")) -> 2TP2 | C1: ANDRADE | D1: VICTOR
A2: p2406410 | B2: =IF(SS_Gpes!B2="2AG1.1","2TP1",IF(SS_Gpes!B2="2AG2.2","2TP3","2TP2")) -> 2TP2 | C2: JABOU | D2: MALIK
A3: p2403367 | B3: =IF(SS_Gpes!B3="2AG1.1","2TP1",IF(SS_Gpes!B3="2AG2.2","2TP3","2TP2")) -> 2TP2 | C3: RAMIREZ | D3: NEO
